Titulo;Actores;Descripcion
Mission: Impossible - Ghost Protocol pgwmala;Adrian Grenier, Kevin Connolly, Jerry Ferrara, Ke;Movie star Vincent Chase, together with his boys 
Project X ozehyug;Adrian Grenier, Kevin Connolly, Jerry Ferrara, Ke;Movie star Vincent Chase, together with his boys 
The Avengers vanalmn;Adrian Grenier, Kevin Connolly, Jerry Ferrara, Ke;Movie star Vincent Chase, together with his boys 
Eagle Eye mnjrfyt;Adrian Grenier, Kevin Connolly, Jerry Ferrara, Ke;Movie star Vincent Chase, together with his boys 
Twin Peaks: The Missing Pieces fqbvyna;Adrian Grenier, Kevin Connolly, Jerry Ferrara, Ke;Movie star Vincent Chase, together with his boys 
The Devil Wears Prada fmwjjna;Adrian Grenier, Kevin Connolly, Jerry Ferrara, Ke;Movie star Vincent Chase, together with his boys 
Fast & Furious hyaztab;Adrian Grenier, Kevin Connolly, Jerry Ferrara, Ke;Movie star Vincent Chase, together with his boys 
Pitch Perfect 2 acjiucp;Adrian Grenier, Kevin Connolly, Jerry Ferrara, Ke;Movie star Vincent Chase, together with his boys 
Chuck vwkimoy;Adrian Grenier, Kevin Connolly, Jerry Ferrara, Ke;Movie star Vincent Chase, together with his boys 
Entourage spichqi;Adrian Grenier, Kevin Connolly, Jerry Ferrara, Ke;Movie star Vincent Chase, together with his boys 
Taken 3 mfemqri;Adrian Grenier, Kevin Connolly, Jerry Ferrara, Ke;Movie star Vincent Chase, together with his boys 
Wild guczegg;Adrian Grenier, Kevin Connolly, Jerry Ferrara, Ke;Movie star Vincent Chase, together with his boys 
Shooter uonkrdv;Adrian Grenier, Kevin Connolly, Jerry Ferrara, Ke;Movie star Vincent Chase, together with his boys 
The Levelling obpvdol;Adrian Grenier, Kevin Connolly, Jerry Ferrara, Ke;Movie star Vincent Chase, together with his boys 
Live Free or Die Hard sbonwfj;Adrian Grenier, Kevin Connolly, Jerry Ferrara, Ke;Movie star Vincent Chase, together with his boys 
Easy A axadmvl;Adrian Grenier, Kevin Connolly, Jerry Ferrara, Ke;Movie star Vincent Chase, together with his boys 
Children of Men qekrrvk;Adrian Grenier, Kevin Connolly, Jerry Ferrara, Ke;Movie star Vincent Chase, together with his boys 
Hot Fuzz fvxekue;Adrian Grenier, Kevin Connolly, Jerry Ferrara, Ke;Movie star Vincent Chase, together with his boys 
Alexander and the Terrible, Horrible, No lmyvtak;Adrian Grenier, Kevin Connolly, Jerry Ferrara, Ke;Movie star Vincent Chase, together with his boys 
Body of Lies enjvkok;Adrian Grenier, Kevin Connolly, Jerry Ferrara, Ke;Movie star Vincent Chase, together with his boys 
Colossal sdovfrp;Adrian Grenier, Kevin Connolly, Jerry Ferrara, Ke;Movie star Vincent Chase, together with his boys 
Ted 2 zbiekvv;Adrian Grenier, Kevin Connolly, Jerry Ferrara, Ke;Movie star Vincent Chase, together with his boys 
Death Race tpujbmb;Adrian Grenier, Kevin Connolly, Jerry Ferrara, Ke;Movie star Vincent Chase, together with his boys 
The Giver ypzgrlq;Adrian Grenier, Kevin Connolly, Jerry Ferrara, Ke;Movie star Vincent Chase, together with his boys 
Concussion lkjmaik;Adrian Grenier, Kevin Connolly, Jerry Ferrara, Ke;Movie star Vincent Chase, together with his boys 
Harry Potter and the Deathly Hallows: Pa ejldoiv;Adrian Grenier, Kevin Connolly, Jerry Ferrara, Ke;Movie star Vincent Chase, together with his boys 
Teenage Mutant Ninja Turtles rcrxvzx;Adrian Grenier, Kevin Connolly, Jerry Ferrara, Ke;Movie star Vincent Chase, together with his boys 
Chalk It Up mvuwqul;Adrian Grenier, Kevin Connolly, Jerry Ferrara, Ke;Movie star Vincent Chase, together with his boys 
The Girl on the Train wpaqmld;Adrian Grenier, Kevin Connolly, Jerry Ferrara, Ke;Movie star Vincent Chase, together with his boys 
You Don't Mess with the Zohan bqvzabq;Adrian Grenier, Kevin Connolly, Jerry Ferrara, Ke;Movie star Vincent Chase, together with his boys 
Moonrise Kingdom kuytdqq;Adrian Grenier, Kevin Connolly, Jerry Ferrara, Ke;Movie star Vincent Chase, together with his boys 
Sing kqdjety;Adrian Grenier, Kevin Connolly, Jerry Ferrara, Ke;Movie star Vincent Chase, together with his boys 
Resident Evil: The Final Chapter quhvcac;Adrian Grenier, Kevin Connolly, Jerry Ferrara, Ke;Movie star Vincent Chase, together with his boys 
Hercules segnmcl;Adrian Grenier, Kevin Connolly, Jerry Ferrara, Ke;Movie star Vincent Chase, together with his boys 
Gone Baby Gone hrbmpdb;Adrian Grenier, Kevin Connolly, Jerry Ferrara, Ke;Movie star Vincent Chase, together with his boys 
In Time wslbdus;Adrian Grenier, Kevin Connolly, Jerry Ferrara, Ke;Movie star Vincent Chase, together with his boys 
The Wolf of Wall Street rkmgphx;Adrian Grenier, Kevin Connolly, Jerry Ferrara, Ke;Movie star Vincent Chase, together with his boys 
Sex and the City jwoocpe;Adrian Grenier, Kevin Connolly, Jerry Ferrara, Ke;Movie star Vincent Chase, together with his boys 
Sex Tape fsprpfd;Adrian Grenier, Kevin Connolly, Jerry Ferrara, Ke;Movie star Vincent Chase, together with his boys 
Friend Request bsrzuet;Adrian Grenier, Kevin Connolly, Jerry Ferrara, Ke;Movie star Vincent Chase, together with his boys 
Captain Fantastic emgmuzi;Adrian Grenier, Kevin Connolly, Jerry Ferrara, Ke;Movie star Vincent Chase, together with his boys 
Noah nwbocqo;Adrian Grenier, Kevin Connolly, Jerry Ferrara, Ke;Movie star Vincent Chase, together with his boys 
The Love Witch gqbktxu;Adrian Grenier, Kevin Connolly, Jerry Ferrara, Ke;Movie star Vincent Chase, together with his boys 
Zootopia jxwgxlo;Adrian Grenier, Kevin Connolly, Jerry Ferrara, Ke;Movie star Vincent Chase, together with his boys 
The Autopsy of Jane Doe atcpnse;Adrian Grenier, Kevin Connolly, Jerry Ferrara, Ke;Movie star Vincent Chase, together with his boys 
The Golden Compass pflfnmm;Adrian Grenier, Kevin Connolly, Jerry Ferrara, Ke;Movie star Vincent Chase, together with his boys 
The Black Room yncgbus;Adrian Grenier, Kevin Connolly, Jerry Ferrara, Ke;Movie star Vincent Chase, together with his boys 
Allied isuxhzu;Adrian Grenier, Kevin Connolly, Jerry Ferrara, Ke;Movie star Vincent Chase, together with his boys 
Vicky Cristina Barcelona eewpljn;Adrian Grenier, Kevin Connolly, Jerry Ferrara, Ke;Movie star Vincent Chase, together with his boys 
Midnight Special yygrowk;Adrian Grenier, Kevin Connolly, Jerry Ferrara, Ke;Movie star Vincent Chase, together with his boys 
Arrival zitlsol;Adrian Grenier, Kevin Connolly, Jerry Ferrara, Ke;Movie star Vincent Chase, together with his boys 
Remember Me qwdcsdf;Adrian Grenier, Kevin Connolly, Jerry Ferrara, Ke;Movie star Vincent Chase, together with his boys 
Bastille Day lkxjzqz;Adrian Grenier, Kevin Connolly, Jerry Ferrara, Ke;Movie star Vincent Chase, together with his boys 
Transpecos pmvmrnb;Adrian Grenier, Kevin Connolly, Jerry Ferrara, Ke;Movie star Vincent Chase, together with his boys 
Juno vwwyefm;Adrian Grenier, Kevin Connolly, Jerry Ferrara, Ke;Movie star Vincent Chase, together with his boys 
Ice Age: Collision Course clfcrtn;Adrian Grenier, Kevin Connolly, Jerry Ferrara, Ke;Movie star Vincent Chase, together with his boys 
Changeling dfwgtbv;Adrian Grenier, Kevin Connolly, Jerry Ferrara, Ke;Movie star Vincent Chase, together with his boys 
Ted uztdpxe;Adrian Grenier, Kevin Connolly, Jerry Ferrara, Ke;Movie star Vincent Chase, together with his boys 
Fantastic Four ulxrgyj;Adrian Grenier, Kevin Connolly, Jerry Ferrara, Ke;Movie star Vincent Chase, together with his boys 
Rise of the Planet of the Apes vecuigr;Adrian Grenier, Kevin Connolly, Jerry Ferrara, Ke;Movie star Vincent Chase, together with his boys 
WALL-E axphfut;Adrian Grenier, Kevin Connolly, Jerry Ferrara, Ke;Movie star Vincent Chase, together with his boys 
The Wolf of Wall Street ujgmyke;Adrian Grenier, Kevin Connolly, Jerry Ferrara, Ke;Movie star Vincent Chase, together with his boys 
The Devil Wears Prada gxmkkul;Adrian Grenier, Kevin Connolly, Jerry Ferrara, Ke;Movie star Vincent Chase, together with his boys 
The Martian aiqvywh;Adrian Grenier, Kevin Connolly, Jerry Ferrara, Ke;Movie star Vincent Chase, together with his boys 
Inglourious Basterds ijgkhbt;Adrian Grenier, Kevin Connolly, Jerry Ferrara, Ke;Movie star Vincent Chase, together with his boys 
American Wrestler: The Wizard ayxyhkl;Adrian Grenier, Kevin Connolly, Jerry Ferrara, Ke;Movie star Vincent Chase, together with his boys 
Ted xmwelyv;Adrian Grenier, Kevin Connolly, Jerry Ferrara, Ke;Movie star Vincent Chase, together with his boys 
Love, Rosie dvqshny;Adrian Grenier, Kevin Connolly, Jerry Ferrara, Ke;Movie star Vincent Chase, together with his boys 
Pacific Rim pxfsfje;Adrian Grenier, Kevin Connolly, Jerry Ferrara, Ke;Movie star Vincent Chase, together with his boys 
Hachi: A Dog's Tale qweeage;Adrian Grenier, Kevin Connolly, Jerry Ferrara, Ke;Movie star Vincent Chase, together with his boys 
Dangal ptqyldj;Adrian Grenier, Kevin Connolly, Jerry Ferrara, Ke;Movie star Vincent Chase, together with his boys 
The Hateful Eight iypsvfq;Adrian Grenier, Kevin Connolly, Jerry Ferrara, Ke;Movie star Vincent Chase, together with his boys 
Alice in Wonderland atyxuxc;Adrian Grenier, Kevin Connolly, Jerry Ferrara, Ke;Movie star Vincent Chase, together with his boys 
Megamind layfcoi;Adrian Grenier, Kevin Connolly, Jerry Ferrara, Ke;Movie star Vincent Chase, together with his boys 
Loving oyizbag;Adrian Grenier, Kevin Connolly, Jerry Ferrara, Ke;Movie star Vincent Chase, together with his boys 
Lone Survivor xcywjpo;Adrian Grenier, Kevin Connolly, Jerry Ferrara, Ke;Movie star Vincent Chase, together with his boys 
Scream 4 lpapxjh;Adrian Grenier, Kevin Connolly, Jerry Ferrara, Ke;Movie star Vincent Chase, together with his boys 
Clash of the Titans detoked;Adrian Grenier, Kevin Connolly, Jerry Ferrara, Ke;Movie star Vincent Chase, together with his boys 
Snowden odmlewx;Adrian Grenier, Kevin Connolly, Jerry Ferrara, Ke;Movie star Vincent Chase, together with his boys 
Megamind ytrpkbt;Adrian Grenier, Kevin Connolly, Jerry Ferrara, Ke;Movie star Vincent Chase, together with his boys 
Lovesong oymmgfh;Adrian Grenier, Kevin Connolly, Jerry Ferrara, Ke;Movie star Vincent Chase, together with his boys 
The Neighbor wlaoczd;Adrian Grenier, Kevin Connolly, Jerry Ferrara, Ke;Movie star Vincent Chase, together with his boys 
Inherent Vice geofvbu;Adrian Grenier, Kevin Connolly, Jerry Ferrara, Ke;Movie star Vincent Chase, together with his boys 
Movie 43 vpoovmi;Adrian Grenier, Kevin Connolly, Jerry Ferrara, Ke;Movie star Vincent Chase, together with his boys 
Love, Rosie skmpmct;Adrian Grenier, Kevin Connolly, Jerry Ferrara, Ke;Movie star Vincent Chase, together with his boys 
The Lucky One axetfhe;Adrian Grenier, Kevin Connolly, Jerry Ferrara, Ke;Movie star Vincent Chase, together with his boys 
X-Men: Days of Future Past rentqsn;Adrian Grenier, Kevin Connolly, Jerry Ferrara, Ke;Movie star Vincent Chase, together with his boys 
Steve Jobs pwchlom;Adrian Grenier, Kevin Connolly, Jerry Ferrara, Ke;Movie star Vincent Chase, together with his boys 
Friends with Benefits vxvewcv;Adrian Grenier, Kevin Connolly, Jerry Ferrara, Ke;Movie star Vincent Chase, together with his boys 
Children of Men nuwdudi;Adrian Grenier, Kevin Connolly, Jerry Ferrara, Ke;Movie star Vincent Chase, together with his boys 
Hello, My Name Is Doris iuefugq;Adrian Grenier, Kevin Connolly, Jerry Ferrara, Ke;Movie star Vincent Chase, together with his boys 
Paul mqghwnd;Adrian Grenier, Kevin Connolly, Jerry Ferrara, Ke;Movie star Vincent Chase, together with his boys 
Ted 2 sxjgvau;Adrian Grenier, Kevin Connolly, Jerry Ferrara, Ke;Movie star Vincent Chase, together with his boys 
Iron Man Three yarcdsn;Adrian Grenier, Kevin Connolly, Jerry Ferrara, Ke;Movie star Vincent Chase, together with his boys 
2012 oretuqf;Adrian Grenier, Kevin Connolly, Jerry Ferrara, Ke;Movie star Vincent Chase, together with his boys 
Patriots Day lrzvihp;Adrian Grenier, Kevin Connolly, Jerry Ferrara, Ke;Movie star Vincent Chase, together with his boys 
Finding Dory abwhtyx;Adrian Grenier, Kevin Connolly, Jerry Ferrara, Ke;Movie star Vincent Chase, together with his boys 
Mission: Impossible - Ghost Protocol kanwqmi;Adrian Grenier, Kevin Connolly, Jerry Ferrara, Ke;Movie star Vincent Chase, together with his boys 
Juno grdivvr;Adrian Grenier, Kevin Connolly, Jerry Ferrara, Ke;Movie star Vincent Chase, together with his boys 
Step Up trsfmbr;Adrian Grenier, Kevin Connolly, Jerry Ferrara, Ke;Movie star Vincent Chase, together with his boys 
